order_item_id,order_id,product_id,quantity,unit_price,discount_pct,selling_price
1,1,32,1,141.47,0.029,137.31
2,1,27,1,34.94,0.035,33.71
3,1,25,3,42.24,0.066,39.47
4,2,38,1,177.37,0.102,159.25
5,2,22,3,169.4,0.025,165.25
6,3,30,4,660.42,0.058,622.28
7,3,39,3,164.03,0.059,154.35
8,4,13,3,854.16,0.041,819.15
9,4,33,1,118.95,0.003,118.54
10,4,35,1,57.82,0.164,48.35
11,5,21,1,71.9,0.042,68.89
12,6,23,3,170.01,0.069,158.33
13,6,18,3,24.98,0.018,24.52
14,6,9,1,142.28,0.024,138.88
15,6,33,3,111.23,0.126,97.17
16,7,9,4,126.2,0.034,121.9
17,8,13,1,779.46,0.081,716.59
18,8,2,1,172.62,0.023,168.71
19,9,4,3,69.52,0.04,66.76
20,9,30,2,672.53,0.031,651.6
21,9,32,1,128.71,0.043,123.23
22,10,24,1,212.16,0.052,201.12
23,11,3,1,138.15,0.073,128.04
24,11,36,1,51.48,0.057,48.53
25,12,24,7,178.55,0.034,172.48
26,13,34,1,62.5,0.05,59.39
27,13,39,2,165.55,0.064,155.02
28,13,22,2,167.97,0.047,160.13
29,13,35,7,60.11,0.079,55.38
30,14,19,2,72.91,0.012,72.05
31,14,33,2,112.03,0.116,99.08
32,15,37,1,176.7,0.043,169.1
33,16,9,1,139.27,0.036,134.23
34,16,16,3,27.1,0.008,26.88
35,16,5,4,73.47,0.067,68.55
36,16,2,1,173.36,0.021,169.75
37,17,26,1,35.1,0.02,34.39
38,18,27,2,31.32,0.049,29.78
39,18,13,3,808.21,0.073,749.34
40,18,14,3,831.55,0.006,826.47
41,18,17,2,27.76,0.02,27.21
42,19,26,1,39.07,0.021,38.26
43,19,32,1,126.66,0.05,120.27
44,20,17,5,28.9,0.063,27.09
45,21,12,3,234.01,0.015,230.57
46,22,19,4,72.08,0.017,70.87
47,22,8,2,121.88,0.053,115.44
48,22,1,1,175.48,0.023,171.41
49,22,7,2,105.85,0.054,100.09
50,23,8,3,112.2,0.061,105.38
51,23,27,1,30.29,0.024,29.57
52,23,4,2,71.22,0.01,70.51
53,24,9,1,141.05,0.089,128.57
54,24,38,2,171.63,0.059,161.54
55,24,35,2,57.1,0.071,53.06
56,25,35,1,60.94,0.045,58.23
57,26,24,4,190.2,0.061,178.6
58,26,8,1,116.1,0.041,111.3
59,26,31,5,133.11,0.017,130.79
60,27,28,3,587.51,0.035,566.86
61,27,15,3,730.73,0.055,690.32
62,27,16,1,26.92,0.068,25.1
63,27,27,2,32.32,0.037,31.13
64,28,9,1,143.85,0.038,138.44
65,28,33,1,119.67,0.045,114.34
66,28,17,3,27.15,0.079,25.01
67,28,14,5,874.81,0.018,859.13
68,29,28,1,641.67,0.055,606.52
69,29,9,1,144.41,0.014,142.43
70,30,11,1,191.89,0.089,174.83
71,30,35,2,58.67,0.03,56.93
72,30,14,2,909.43,0.016,895.08
73,31,15,2,788.77,0.014,777.53
74,32,16,1,30.13,0.033,29.13
75,32,11,4,198.5,0.066,185.34
76,32,5,2,81.07,0.055,76.61
77,33,32,1,126.03,0.058,118.78
78,33,8,3,122.7,0.071,113.96
79,33,7,1,108.99,0.018,107.01
80,33,38,1,177.96,0.038,171.18
81,34,25,1,43.78,0.007,43.45
82,34,2,1,181.71,0.024,177.39
83,34,22,4,162.96,0.011,161.17
84,35,21,1,75.79,0.058,71.4
85,36,39,4,162.44,0.029,157.79
86,36,2,3,187.93,0.059,176.76
87,37,24,3,189.71,0.04,182.2
88,37,22,2,177.34,0.036,171.04
89,37,21,1,75.42,0.098,68.02
90,38,12,4,239.29,0.101,215.05
91,39,21,3,68.37,0.056,64.54
92,39,36,1,49.51,0.083,45.4
93,39,20,5,80.86,0.06,75.99
94,40,37,4,172.03,0.086,157.3
95,40,23,1,168.86,0.026,164.54
96,40,33,1,122.62,0.043,117.38
97,41,33,4,111.47,0.054,105.46
98,41,20,2,85.17,0.037,81.99
99,41,11,4,195.59,0.047,186.32
100,42,1,2,149.88,0.033,144.97
101,42,22,3,179.14,0.041,171.75
102,42,39,1,155.25,0.008,154.03
103,43,34,3,67.32,0.014,66.37
104,43,35,1,58.43,0.064,54.71
105,43,3,1,134.88,0.06,126.76
106,44,33,1,119.75,0.053,113.39
107,45,9,4,129.36,0.055,122.3
108,45,27,1,32.84,0.077,30.31
109,45,36,3,54.43,0.065,50.89
110,45,5,4,73.86,0.019,72.45
111,46,6,2,96.5,0.103,86.53
112,46,30,1,646.62,0.062,606.73
113,46,2,2,164.73,0.038,158.51
114,46,25,2,43.86,0.106,39.22
115,47,19,1,74.36,0.04,71.36
116,48,36,2,58.24,0.073,53.99
117,49,28,1,563.29,0.015,554.78
118,49,38,1,178.54,0.013,176.16
119,49,32,2,126.82,0.035,122.43
120,49,36,1,54.78,0.049,52.08
121,50,5,2,77.42,0.036,74.61
122,50,18,3,27.15,0.115,24.04
123,51,28,4,583.3,0.074,540.16
124,51,2,3,174.99,0.023,170.94
125,51,22,1,186.13,0.007,184.77
126,52,2,2,165.13,0.047,157.35
127,52,18,1,24.81,0.061,23.3
128,53,20,2,77.59,0.019,76.09
129,53,4,2,69.58,0.07,64.73
130,54,18,1,22.82,0.026,22.22
131,54,27,1,31.84,0.067,29.71
132,54,35,3,60.12,0.086,54.97
133,54,10,1,231.17,0.047,220.19
134,55,33,3,112.34,0.047,107.02
135,55,20,2,83.85,0.021,82.09
136,55,30,2,658.1,0.014,648.93
137,55,35,1,57.49,0.051,54.59
138,56,30,2,677.05,0.058,637.83
139,56,22,3,192.87,0.021,188.87
140,56,9,4,134.92,0.082,123.9
141,56,23,2,192.11,0.04,184.38
142,57,21,2,78.1,0.025,76.13
143,57,39,2,166.34,0.031,161.12
144,58,16,2,29.66,0.026,28.9
145,58,1,2,157.01,0.019,154.0
146,59,2,3,169.86,0.013,167.59
147,60,12,4,271.95,0.053,257.6
148,61,6,4,94.32,0.045,90.09
149,61,4,1,75.69,0.02,74.15
150,61,26,1,41.87,0.078,38.62
151,62,7,1,110.39,0.013,108.96
152,63,30,1,702.33,0.014,692.25
153,63,32,3,126.59,0.039,121.71
154,63,37,1,179.81,0.099,162.05
155,63,13,1,887.99,0.06,834.57
156,64,31,2,118.39,0.051,112.35
157,64,19,5,74.44,0.026,72.51
158,65,19,2,77.26,0.027,75.16
159,65,1,1,137.47,0.132,119.38
160,65,24,1,199.5,0.014,196.75
161,66,9,3,137.83,0.063,129.18
162,66,28,3,595.82,0.049,566.42
163,66,8,1,107.27,0.079,98.75
164,67,31,1,102.41,0.024,99.91
165,67,39,1,164.99,0.03,159.96
166,67,14,3,888.15,0.098,801.36
167,67,8,1,113.6,0.063,106.49
168,68,31,1,120.62,0.076,111.5
169,68,7,5,107.12,0.026,104.31
170,69,2,1,157.19,0.053,148.85
171,70,36,1,59.52,0.059,56.01
172,70,37,1,178.68,0.092,162.3
173,70,39,2,153.46,0.09,139.73
174,71,36,1,55.88,0.077,51.58
175,71,21,3,73.07,0.024,71.31
176,71,34,3,65.19,0.048,62.04
177,71,5,3,76.05,0.011,75.18
178,72,15,1,745.05,0.038,717.0
179,73,37,1,180.94,0.052,171.59
180,73,13,4,920.98,0.057,868.17
181,74,2,5,181.63,0.009,179.95
182,74,25,1,39.67,0.066,37.05
183,74,31,1,118.04,0.098,106.49
184,75,34,5,61.64,0.049,58.65
185,75,4,3,67.73,0.013,66.84
186,75,16,3,28.57,0.023,27.92
187,75,38,2,171.08,0.098,154.32
188,76,10,2,235.97,0.147,201.34
189,76,27,1,35.48,0.069,33.02
190,76,22,1,166.57,0.092,151.17
191,77,11,2,185.68,0.114,164.55
192,77,6,1,94.25,0.014,92.91
193,77,1,4,162.05,0.038,155.95
194,78,12,1,245.61,0.056,231.84
195,78,31,3,121.53,0.056,114.74
196,78,3,2,145.84,0.023,142.49
197,79,11,1,196.03,0.077,180.96
198,79,30,1,647.85,0.044,619.19
199,79,16,3,27.01,0.094,24.48
200,79,1,1,161.86,0.042,155.02
201,80,38,1,168.56,0.11,149.96
202,81,25,3,43.18,0.046,41.19
203,81,16,2,26.11,0.109,23.28
204,81,2,1,174.79,0.045,166.92
205,82,34,3,71.96,0.004,71.7
206,83,36,1,52.3,0.078,48.25
207,84,33,1,112.01,0.051,106.31
208,84,6,3,100.31,0.038,96.47
209,84,31,5,119.9,0.023,117.17
210,84,15,2,737.61,0.019,723.93
211,85,18,3,26.55,0.019,26.05
212,85,5,1,83.47,0.012,82.48
213,85,19,3,73.34,0.02,71.89
214,85,6,5,101.22,0.095,91.61
215,86,1,2,162.04,0.048,154.31
216,86,3,1,141.55,0.023,138.28
217,86,25,1,36.5,0.039,35.07
218,87,9,2,145.5,0.037,140.06
219,87,6,1,89.11,0.049,84.76
220,87,16,1,26.06,0.048,24.81
221,88,22,1,170.23,0.059,160.11
222,88,32,2,129.7,0.025,126.42
223,89,16,5,27.06,0.095,24.49
224,89,20,2,83.05,0.024,81.04
225,89,26,3,34.31,0.093,31.11
226,89,12,1,247.61,0.041,237.34
227,90,10,1,247.0,0.034,238.57
228,91,29,1,829.45,0.037,798.65
229,91,36,4,54.75,0.024,53.43
230,91,28,1,648.08,0.039,622.58
231,92,28,1,612.64,0.049,582.57
232,93,34,3,61.14,0.059,57.51
233,94,32,1,137.13,0.067,128.01
234,94,25,1,44.37,0.025,43.27
235,94,1,2,151.33,0.049,143.94
236,94,33,3,123.47,0.028,120.06
237,95,34,3,68.49,0.057,64.62
238,95,27,3,33.22,0.068,30.95
239,95,18,2,22.19,0.067,20.71
240,96,12,1,246.08,0.131,213.82
241,96,14,3,917.34,0.039,881.21
242,96,13,1,937.13,0.064,877.24
243,96,37,1,179.65,0.081,165.03
244,97,30,1,655.73,0.083,601.48
245,98,36,1,58.19,0.051,55.23
246,99,6,3,90.58,0.025,88.29
247,100,11,1,196.35,0.021,192.3
248,100,6,2,89.8,0.163,75.12
249,100,8,2,117.83,0.037,113.46
250,100,13,2,873.84,0.028,849.3
251,101,34,3,64.14,0.016,63.13
252,102,4,1,68.87,0.045,65.78
253,103,11,2,215.4,0.035,207.77
254,104,21,4,76.01,0.061,71.41
255,105,30,5,674.29,0.061,633.03
256,105,4,2,72.15,0.069,67.21
257,105,13,1,909.4,0.066,849.1
258,105,6,3,95.84,0.055,90.58
259,106,33,3,104.89,0.154,88.75
260,106,12,1,250.22,0.04,240.21
261,106,13,2,904.13,0.097,816.39
262,106,2,1,172.52,0.029,167.6
263,107,2,4,169.49,0.088,154.54
264,108,15,1,727.92,0.019,714.44
265,108,1,1,175.85,0.028,170.89
266,108,36,1,57.54,0.112,51.09
267,109,16,2,26.93,0.02,26.39
268,109,30,1,713.58,0.072,662.4
269,109,17,2,28.94,0.087,26.42
270,110,32,5,131.27,0.064,122.87
271,110,20,1,77.26,0.059,72.68
272,110,38,3,164.54,0.078,151.7
273,110,22,2,188.9,0.125,165.23
274,111,2,5,170.15,0.036,164.01
275,111,30,3,623.61,0.065,583.09
276,112,20,1,86.41,0.071,80.31
277,112,38,3,152.11,0.043,145.49
278,113,17,2,29.34,0.034,28.33
279,113,34,1,67.52,0.138,58.21
280,113,21,7,69.48,0.019,68.14
281,114,36,1,56.74,0.036,54.69
282,114,22,2,177.54,0.042,170.03
283,114,33,4,123.18,0.031,119.38
284,114,38,3,156.21,0.026,152.08
285,115,12,1,245.42,0.041,235.48
286,116,30,1,671.28,0.037,646.52
287,116,6,3,103.46,0.06,97.26
288,116,32,1,124.13,0.022,121.37
289,116,7,2,106.07,0.098,95.65
290,117,28,2,608.15,0.13,529.03
291,118,36,2,54.96,0.124,48.14
292,118,18,3,22.5,0.013,22.22
293,118,15,1,780.28,0.015,768.31
294,118,25,1,44.64,0.056,42.12
295,119,16,1,28.81,0.087,26.31
296,120,30,1,619.12,0.037,596.23
297,120,33,3,116.48,0.094,105.48
298,121,38,1,147.91,0.126,129.32
299,122,18,1,25.1,0.056,23.69
300,123,2,4,178.47,0.074,165.24
301,123,1,1,166.36,0.049,158.19
302,124,29,3,811.2,0.022,793.04
303,124,5,2,75.03,0.016,73.84
304,124,27,1,34.26,0.015,33.75
305,125,18,4,25.47,0.027,24.77
306,126,6,1,99.84,0.028,97.01
307,127,36,3,54.47,0.019,53.43
308,127,3,4,133.68,0.055,126.34
309,127,31,5,120.93,0.05,114.89
310,128,4,2,66.98,0.034,64.68
311,128,35,2,60.69,0.038,58.4
312,128,24,3,181.82,0.057,171.47
313,128,1,1,152.11,0.032,147.18
314,129,21,2,76.51,0.08,70.36
315,129,35,5,53.63,0.027,52.2
316,130,3,3,147.31,0.029,143.0
317,130,2,2,173.08,0.092,157.18
318,131,8,1,122.86,0.012,121.36
319,131,2,1,166.07,0.058,156.45
320,131,26,2,38.05,0.082,34.93
321,131,5,1,74.0,0.031,71.68
322,132,13,1,842.36,0.038,810.19
323,132,24,3,195.52,0.04,187.79
324,132,20,1,84.3,0.016,82.94
325,133,12,2,259.59,0.089,236.59
326,134,36,2,57.46,0.022,56.21
327,135,23,2,194.26,0.023,189.77
328,136,26,3,38.56,0.014,38.01
329,136,23,1,183.86,0.1,165.44
330,137,28,1,619.28,0.074,573.61
331,137,10,2,219.5,0.029,213.18
332,137,31,1,125.06,0.015,123.17
333,138,29,2,767.76,0.08,706.24
334,138,18,3,25.89,0.033,25.04
335,138,34,1,59.59,0.034,57.56
336,138,12,1,252.3,0.038,242.7
337,139,18,4,25.21,0.035,24.33
338,139,13,4,872.23,0.049,829.1
339,139,3,5,146.49,0.102,131.48
340,139,39,2,172.4,0.034,166.52
341,140,15,3,723.51,0.048,688.9
342,140,4,4,67.15,0.016,66.09
343,140,8,3,108.08,0.066,100.94
344,141,20,2,89.27,0.01,88.33
345,141,5,3,77.76,0.094,70.43
346,141,12,2,257.77,0.028,250.58
347,141,27,4,32.77,0.022,32.06
348,142,27,6,33.77,0.061,31.71
349,142,22,1,164.36,0.062,154.11
350,142,11,1,213.48,0.007,212.0
351,142,26,2,37.93,0.083,34.77
352,143,12,4,254.6,0.027,247.75
353,143,5,3,76.53,0.052,72.54
354,143,15,3,725.1,0.093,657.66
355,144,34,4,57.09,0.056,53.92
356,145,27,1,30.49,0.06,28.65
357,145,9,2,137.95,0.029,133.89
358,145,15,1,748.68,0.053,709.24
359,145,35,1,57.69,0.056,54.44
360,146,39,3,161.62,0.056,152.63
361,146,20,1,87.41,0.042,83.78
362,146,28,5,629.78,0.028,611.99
363,146,12,1,237.44,0.051,225.27
364,147,14,3,873.97,0.013,862.51
365,147,12,1,237.56,0.011,235.06
366,147,8,1,119.6,0.023,116.84
367,148,14,6,960.21,0.103,861.66
368,149,22,1,175.73,0.084,161.03
369,150,26,1,34.48,0.005,34.3
370,150,39,5,167.3,0.018,164.23
371,150,4,6,69.18,0.018,67.93
372,150,16,3,28.07,0.137,24.21
373,151,4,1,67.92,0.046,64.79
374,151,34,2,65.03,0.058,61.23
375,151,38,1,157.94,0.046,150.73
376,152,1,3,142.43,0.023,139.11
377,152,8,1,120.39,0.055,113.83
378,152,39,4,171.21,0.082,157.23
379,153,19,3,75.41,0.068,70.28
380,153,37,1,183.57,0.023,179.31
381,153,35,2,63.36,0.016,62.37
382,153,15,5,770.88,0.007,765.71
383,154,30,2,728.33,0.032,705.2
384,154,38,1,165.88,0.087,151.46
385,155,24,3,196.05,0.053,185.74
386,156,36,1,57.59,0.022,56.31
387,156,22,3,176.0,0.021,172.23
388,156,6,2,90.33,0.124,79.1
389,157,27,2,30.86,0.094,27.97
390,157,31,2,125.37,0.068,116.8
391,157,35,2,56.19,0.089,51.19
392,158,1,3,166.63,0.045,159.17
393,159,10,3,223.66,0.05,212.37
394,159,37,3,187.53,0.046,178.99
395,159,36,1,60.87,0.076,56.22
396,160,11,3,207.87,0.045,198.6
397,160,32,2,139.64,0.054,132.12
398,160,18,1,24.98,0.082,22.93
399,160,12,2,247.62,0.064,231.88
400,161,15,1,660.88,0.054,625.41
401,162,12,1,257.18,0.021,251.78
402,162,19,2,74.73,0.11,66.52
403,163,37,6,194.54,0.064,182.14
404,163,31,3,115.74,0.009,114.7
405,163,14,2,984.24,0.008,976.13
406,163,12,2,272.4,0.029,264.63
407,164,31,1,115.78,0.078,106.74
408,164,15,5,775.84,0.018,762.19
409,165,2,1,191.96,0.034,185.42
410,165,33,3,122.18,0.043,116.95
411,165,39,1,162.06,0.053,153.5
412,165,17,1,25.29,0.085,23.15
413,166,3,2,134.35,0.06,126.31
414,166,21,1,80.98,0.071,75.2
415,166,18,1,24.96,0.11,22.22
416,167,25,2,41.55,0.057,39.2
417,167,33,2,118.97,0.026,115.93
418,167,26,3,38.21,0.035,36.87
419,168,37,2,162.9,0.056,153.82
420,169,8,1,115.97,0.02,113.67
421,170,11,2,213.41,0.002,212.91
422,170,26,1,37.41,0.03,36.3
423,170,15,2,773.56,0.001,772.86
424,170,2,1,175.08,0.145,149.7
425,171,33,3,111.64,0.066,104.29
426,171,24,1,193.23,0.021,189.11
427,171,1,1,145.64,0.023,142.22
428,172,29,1,796.86,0.097,719.9
429,173,29,3,843.41,0.048,803.03
430,173,22,4,165.71,0.027,161.28
431,174,38,1,166.81,0.062,156.53
432,175,6,1,103.77,0.007,103.07
433,175,27,1,32.94,0.034,31.82
434,176,1,2,156.7,0.014,154.49
435,176,15,4,778.9,0.072,722.7
436,176,20,3,75.06,0.048,71.46
437,176,24,3,187.18,0.065,174.92
438,177,16,2,28.19,0.042,27.01
439,178,11,5,195.76,0.021,191.56
440,178,3,3,147.89,0.023,144.49
441,179,5,1,80.62,0.01,79.8
442,179,31,1,118.23,0.134,102.38
443,179,11,1,191.11,0.124,167.47
444,180,4,2,72.79,0.014,71.77
445,180,39,2,173.11,0.123,151.81
446,180,27,3,32.18,0.071,29.88
447,181,15,5,740.68,0.02,725.63
448,181,36,2,60.15,0.012,59.43
449,181,20,2,75.76,0.102,68.0
450,182,12,3,247.51,0.055,233.82
451,182,21,2,71.59,0.005,71.21
452,183,1,4,155.23,0.045,148.32
453,183,3,1,135.44,0.056,127.82
454,183,32,2,116.99,0.13,101.73
455,183,21,1,73.46,0.009,72.78
456,184,2,1,176.09,0.095,159.43
457,184,29,2,810.09,0.068,754.75
458,184,38,2,167.26,0.061,157.12
459,184,12,4,222.45,0.024,217.1
460,185,28,3,608.56,0.031,589.99
461,186,25,1,40.88,0.018,40.15
462,186,39,1,173.8,0.022,169.93
463,187,18,5,23.14,0.092,21.01
464,187,10,4,227.11,0.066,212.18
465,188,33,3,115.84,0.028,112.58
466,189,21,1,70.91,0.013,70.01
467,189,13,2,877.84,0.049,835.2
468,189,37,3,184.28,0.029,178.9
469,189,1,3,158.72,0.025,154.79
470,190,10,4,228.04,0.068,212.47
471,190,38,1,154.16,0.059,145.0
472,190,2,1,174.32,0.137,150.5
473,190,28,6,661.22,0.052,627.13
474,191,32,1,133.24,0.066,124.49
475,191,3,2,138.65,0.048,132.05
476,192,21,3,68.97,0.019,67.68
477,192,37,2,161.13,0.055,152.22
478,192,12,3,246.45,0.096,222.8
479,193,18,3,24.88,0.038,23.94
480,193,3,2,154.4,0.012,152.61
481,193,16,1,27.32,0.073,25.34
482,193,28,2,591.5,0.077,545.72
483,194,2,3,196.03,0.005,195.0
484,194,36,1,56.33,0.096,50.92
485,194,4,3,67.59,0.048,64.36
486,195,34,1,65.38,0.029,63.5
487,195,1,1,142.51,0.083,130.63
488,196,17,1,27.87,0.07,25.92
489,196,12,2,237.01,0.075,219.18
490,197,37,1,200.69,0.014,197.8
491,197,8,2,115.98,0.035,111.88
492,197,3,4,139.38,0.023,136.12
493,197,27,2,33.12,0.042,31.71
494,198,8,2,122.29,0.038,117.61
495,199,39,2,164.81,0.051,156.47
496,199,12,1,229.85,0.03,223.02
497,199,13,1,820.81,0.035,792.21
498,200,24,4,193.5,0.048,184.18
499,201,25,1,41.95,0.068,39.12
500,201,26,1,39.65,0.042,38.0
501,201,37,3,189.6,0.038,182.36
502,202,37,2,190.76,0.017,187.52
503,202,2,1,157.59,0.039,151.47
504,202,38,1,170.46,0.079,156.98
505,203,9,2,130.5,0.098,117.68
506,203,4,3,68.6,0.053,65.0
507,203,23,1,188.16,0.027,183.07
508,203,10,5,232.48,0.089,211.78
509,204,25,1,40.54,0.027,39.45
510,204,5,1,83.29,0.007,82.71
511,204,1,3,157.01,0.053,148.66
512,205,7,1,98.89,0.025,96.39
513,205,20,1,84.14,0.04,80.78
514,205,30,1,655.38,0.029,636.26
515,205,5,1,79.48,0.019,77.98
516,206,27,2,33.28,0.075,30.78
517,206,35,2,56.91,0.088,51.88
518,207,12,1,237.84,0.075,219.88
519,207,28,2,619.55,0.027,603.08
520,208,7,2,84.82,0.073,78.62
521,209,28,1,667.39,0.008,662.37
522,209,5,4,77.69,0.101,69.86
523,210,12,1,248.46,0.055,234.91
524,210,36,3,56.85,0.034,54.89
525,210,16,2,29.44,0.034,28.45
526,211,5,1,81.56,0.027,79.38
527,211,35,2,61.89,0.076,57.18
528,212,36,4,56.75,0.062,53.22
529,213,24,2,180.86,0.028,175.88
530,213,8,2,130.26,0.091,118.37
531,213,19,1,70.18,0.052,66.54
532,214,2,1,177.74,0.018,174.57
533,215,34,2,65.4,0.031,63.38
534,215,3,6,146.74,0.143,125.78
535,216,13,2,811.74,0.061,762.42
536,216,18,4,24.06,0.047,22.92
537,216,14,1,937.59,0.062,879.72
538,217,2,1,172.59,0.054,163.21
539,217,9,7,136.66,0.072,126.8
540,217,22,1,161.28,0.021,157.83
541,218,33,1,119.69,0.036,115.35
542,219,23,3,187.03,0.027,181.93
543,219,4,2,66.47,0.011,65.71
544,220,4,1,66.39,0.107,59.3
545,220,31,2,117.41,0.058,110.54
546,221,26,1,35.59,0.09,32.39
547,222,2,1,179.15,0.071,166.41
548,222,31,7,120.55,0.014,118.87
549,223,39,1,174.24,0.049,165.66
550,223,34,4,70.47,0.008,69.9
551,224,13,2,914.72,0.064,856.08
552,224,27,2,35.29,0.042,33.81
553,225,9,2,142.38,0.03,138.16
554,225,11,2,195.63,0.015,192.7
555,225,6,1,89.87,0.019,88.14
556,226,39,3,187.37,0.034,180.97
557,227,20,1,81.79,0.05,77.69
558,227,3,1,141.05,0.013,139.26
559,228,13,3,936.51,0.047,892.7
560,228,8,2,114.11,0.042,109.32
561,228,17,3,27.17,0.015,26.77
562,228,30,1,644.08,0.051,611.39
563,229,1,1,155.33,0.063,145.56
564,230,10,2,218.29,0.072,202.67
565,230,32,4,129.9,0.018,127.54
566,231,36,1,57.19,0.005,56.92
567,232,6,2,99.73,0.027,97.03
568,232,16,2,27.54,0.035,26.59
569,233,4,1,71.33,0.022,69.76
570,233,2,3,161.9,0.038,155.68
571,233,35,1,60.95,0.085,55.79
572,233,31,1,118.87,0.116,105.14
573,234,24,2,207.42,0.045,198.15
574,234,13,2,880.01,0.04,845.09
575,234,28,1,640.42,0.016,630.08
576,234,16,1,26.81,0.07,24.92
577,235,7,2,100.0,0.033,96.74
578,235,1,3,150.54,0.073,139.56
579,235,26,3,36.21,0.023,35.38
580,236,30,2,673.62,0.064,630.43
581,236,35,2,58.36,0.136,50.45
582,237,35,3,59.87,0.03,58.05
583,237,1,1,153.19,0.05,145.55
584,238,12,2,237.65,0.037,228.89
585,238,18,1,23.52,0.084,21.53
586,238,5,1,75.29,0.061,70.72
587,239,19,2,75.02,0.091,68.18
588,239,21,3,73.83,0.027,71.81
589,239,26,2,37.69,0.056,35.58
590,239,22,1,169.62,0.056,160.1
591,240,12,5,248.73,0.025,242.42
592,241,1,4,144.94,0.099,130.6
593,242,30,2,649.5,0.031,629.11
594,243,3,1,131.35,0.044,125.53
595,244,7,3,112.51,0.011,111.27
596,244,35,4,55.07,0.081,50.6
597,244,31,1,113.37,0.06,106.57
598,244,17,3,25.11,0.11,22.34
599,245,26,2,35.13,0.016,34.58
600,246,4,2,65.14,0.041,62.44
601,246,30,2,688.02,0.024,671.74
602,247,4,1,68.5,0.03,66.47
603,247,19,2,73.69,0.016,72.52
604,248,37,2,180.87,0.029,175.56
605,249,11,1,193.19,0.064,180.77
606,250,16,3,27.25,0.032,26.37
607,251,10,2,252.47,0.029,245.18
608,252,3,5,137.81,0.059,129.71
609,253,13,3,857.57,0.107,765.42
610,253,18,1,26.29,0.023,25.68
611,253,33,2,112.99,0.028,109.83
612,253,3,4,133.22,0.066,124.4
613,254,32,1,133.05,0.023,130.05
614,254,9,1,140.73,0.02,137.92
615,254,30,1,648.96,0.052,614.92
616,254,26,2,36.7,0.006,36.49
617,255,6,1,96.16,0.068,89.65
618,255,35,1,61.47,0.044,58.75
619,255,34,1,63.02,0.072,58.49
620,255,5,3,81.78,0.074,75.72
621,256,29,2,796.81,0.098,718.85
622,256,39,5,167.4,0.024,163.32
623,256,7,3,111.58,0.009,110.56
624,256,24,1,185.3,0.02,181.64
625,257,13,1,853.83,0.026,831.99
626,257,28,1,626.18,0.048,596.27
627,257,16,4,30.27,0.038,29.13
628,257,29,3,778.58,0.034,752.13
629,258,4,1,71.64,0.011,70.87
630,258,7,4,112.84,0.076,104.26
631,259,11,3,189.97,0.032,183.95
632,259,33,2,117.66,0.062,110.36
633,260,7,1,102.25,0.038,98.36
634,260,11,4,213.27,0.028,207.36
635,260,33,4,117.52,0.024,114.72
636,261,9,1,145.23,0.016,142.85
637,261,5,4,82.5,0.067,76.94
638,261,16,2,27.21,0.06,25.58
639,261,21,1,73.81,0.032,71.46
640,262,19,1,77.92,0.041,74.76
641,262,30,4,675.48,0.039,648.85
642,263,30,2,723.71,0.012,714.95
643,264,31,1,122.63,0.059,115.43
644,264,6,1,80.51,0.037,77.54
645,264,37,2,187.64,0.116,165.78
646,264,39,3,168.43,0.02,165.05
647,265,1,3,157.51,0.01,155.91
648,265,32,2,131.54,0.031,127.41
649,265,39,1,170.82,0.038,164.27
650,265,27,4,31.06,0.042,29.74
651,266,13,2,907.85,0.03,880.99
652,266,4,3,68.47,0.052,64.89
653,267,29,6,831.33,0.048,791.81
654,268,12,5,241.6,0.099,217.73
655,269,18,1,25.1,0.036,24.19
656,269,32,2,125.88,0.117,111.17
657,269,23,1,185.8,0.049,176.62
658,269,36,1,55.63,0.007,55.23
659,270,13,4,833.0,0.029,808.89
660,270,34,3,62.73,0.05,59.59
661,271,21,2,75.24,0.032,72.83
662,271,19,1,78.43,0.035,75.71
663,272,37,2,162.96,0.047,155.28
664,272,26,4,34.45,0.052,32.64
665,273,31,4,125.07,0.058,117.85
666,273,15,3,792.83,0.125,693.87
667,273,14,1,892.4,0.011,882.48
668,273,39,2,156.84,0.042,150.28
669,274,26,3,33.93,0.054,32.11
670,274,15,2,689.76,0.046,657.87
671,274,3,1,136.84,0.025,133.45
672,275,34,4,57.39,0.024,56.03
673,275,27,2,37.33,0.072,34.63
674,276,27,1,30.7,0.012,30.34
675,276,2,3,184.34,0.041,176.71
676,277,16,1,28.31,0.045,27.03
677,278,1,2,163.87,0.001,163.69
678,279,6,3,98.79,0.05,93.83
679,279,17,1,25.61,0.155,21.65
680,279,3,1,141.8,0.021,138.77
681,280,38,1,175.46,0.098,158.27
682,280,30,1,673.35,0.036,649.24
683,280,33,1,119.77,0.042,114.72
684,281,29,2,835.4,0.013,824.67
685,281,18,3,24.48,0.046,23.36
686,282,12,1,242.8,0.02,238.0
687,282,3,2,141.08,0.055,133.27
688,283,31,1,127.25,0.005,126.59
689,283,11,4,215.87,0.018,212.01
690,284,21,2,70.69,0.052,67.03
691,284,14,3,805.54,0.067,751.6
692,284,18,2,26.07,0.035,25.15
693,285,7,1,97.0,0.039,93.26
694,285,5,6,78.78,0.025,76.78
695,285,39,1,157.06,0.036,151.35
696,286,24,1,169.26,0.069,157.55
697,286,5,1,79.04,0.035,76.24
698,286,32,1,129.42,0.1,116.42
699,286,4,3,73.79,0.039,70.93
700,287,26,5,37.4,0.113,33.16
701,288,3,2,147.6,0.144,126.41
702,288,15,2,728.21,0.08,669.66
703,288,4,1,66.05,0.013,65.21
704,289,26,1,38.3,0.073,35.49
705,289,35,3,60.53,0.031,58.62
706,289,21,1,82.4,0.061,77.4
707,289,16,2,27.88,0.052,26.43
708,290,12,1,252.37,0.021,247.11
709,290,36,4,61.45,0.027,59.8
710,291,35,1,59.53,0.024,58.07
711,291,28,2,650.03,0.047,619.53
712,291,26,1,35.45,0.065,33.13
713,291,19,4,74.02,0.015,72.88
714,292,38,2,170.56,0.025,166.31
715,292,29,1,828.34,0.027,805.72
716,292,25,2,41.1,0.121,36.15
717,292,30,2,669.24,0.013,660.78
718,293,37,1,178.61,0.029,173.48
719,293,10,1,225.46,0.073,208.91
720,294,9,1,139.28,0.022,136.27
721,294,11,2,205.07,0.074,189.91
722,294,23,2,192.95,0.08,177.56
723,294,16,3,27.52,0.092,24.98
724,295,12,2,230.09,0.031,223.03
725,295,28,1,633.99,0.058,597.49
726,296,3,6,135.57,0.091,123.17
727,296,14,3,924.54,0.014,911.32
728,296,29,3,716.35,0.103,642.53
729,296,13,2,842.1,0.086,769.48
730,297,34,1,67.2,0.089,61.21
731,297,32,2,136.02,0.027,132.36
732,298,30,3,643.95,0.091,585.15
733,298,22,1,168.25,0.051,159.63
734,298,36,2,57.19,0.048,54.42
735,298,25,3,40.18,0.111,35.7
736,299,31,1,113.54,0.024,110.83
737,300,27,2,31.91,0.01,31.59
738,301,31,2,123.08,0.054,116.44
739,301,23,3,176.38,0.028,171.44
740,301,29,2,814.3,0.01,805.98
741,302,19,2,73.25,0.108,65.31
742,302,7,2,110.28,0.042,105.61
743,302,23,3,182.22,0.045,174.1
744,302,29,3,800.95,0.053,758.58
745,303,36,4,54.42,0.015,53.59
746,304,39,1,154.91,0.068,144.31
747,304,10,5,199.51,0.075,184.63
748,305,24,1,193.2,0.031,187.22
749,305,22,2,169.66,0.112,150.63
750,305,4,2,64.5,0.112,57.25
751,305,28,3,662.45,0.077,611.31
752,306,5,2,78.33,0.019,76.88
753,307,1,3,155.02,0.009,153.63
754,308,33,3,115.24,0.054,109.03
755,309,8,4,117.72,0.028,114.48
756,309,32,3,126.87,0.086,115.9
757,310,20,4,83.75,0.07,77.93
758,311,26,5,37.29,0.063,34.95
759,311,29,2,789.09,0.023,770.56
760,311,1,3,165.03,0.007,163.92
761,311,17,1,24.75,0.034,23.9
762,312,9,1,139.0,0.038,133.71
763,312,4,1,67.33,0.027,65.53
764,312,39,5,159.64,0.071,148.25
765,313,17,5,27.22,0.025,26.53
766,314,27,1,36.27,0.045,34.62
767,314,9,2,142.44,0.124,124.82
768,314,23,3,178.2,0.053,168.84
769,315,3,1,136.26,0.042,130.53
770,315,31,1,122.34,0.038,117.65
771,316,12,1,238.83,0.004,237.95
772,317,2,3,183.84,0.042,176.21
773,317,21,8,68.38,0.012,67.53
774,318,20,1,84.86,0.032,82.15
775,318,34,2,65.88,0.027,64.08
776,318,39,1,169.86,0.012,167.82
777,318,33,3,113.28,0.064,106.07
778,319,36,3,52.65,0.047,50.16
779,319,12,2,263.54,0.012,260.47
780,319,28,2,620.72,0.036,598.64
781,320,21,1,72.33,0.109,64.46
782,320,16,1,29.5,0.043,28.22
783,320,29,3,719.07,0.018,705.89
784,320,4,4,69.23,0.163,57.97
785,321,25,2,40.1,0.058,37.78
786,322,20,3,89.38,0.049,85.01
787,322,30,1,693.3,0.047,660.99
788,322,15,2,730.32,0.084,668.7
789,323,34,1,67.55,0.075,62.5
790,323,5,1,75.33,0.041,72.26
791,323,26,2,38.55,0.026,37.54
792,324,2,2,174.51,0.049,165.89
793,324,24,1,179.26,0.036,172.87
794,325,22,1,172.9,0.049,164.36
795,325,2,3,152.38,0.033,147.37
796,325,32,1,139.84,0.028,135.94
797,325,30,2,571.8,0.052,542.32
798,326,24,1,182.21,0.014,179.69
799,326,35,3,61.32,0.043,58.69
800,326,4,3,67.43,0.01,66.78
801,327,32,1,126.1,0.074,116.82
802,328,2,1,181.13,0.002,180.7
803,328,32,5,129.33,0.068,120.54
804,328,12,2,272.24,0.022,266.12
805,329,24,5,184.06,0.034,177.74
806,329,26,2,34.63,0.008,34.37
807,329,34,2,64.08,0.017,62.97
808,329,27,1,33.07,0.003,32.97
809,330,16,1,27.34,0.023,26.71
810,330,1,1,150.46,0.005,149.66
811,331,14,2,891.33,0.069,830.2
812,331,18,2,23.55,0.051,22.35
813,332,5,1,77.37,0.093,70.17
814,333,9,1,142.68,0.131,123.92
815,333,20,1,82.48,0.031,79.94
816,334,28,3,592.72,0.021,580.25
817,334,9,2,136.48,0.168,113.61
818,334,18,2,26.74,0.074,24.77
819,334,33,6,105.5,0.032,102.11
820,335,10,1,253.41,0.043,242.48
821,336,25,4,42.16,0.04,40.46
822,336,10,1,232.28,0.005,231.21
823,337,2,2,169.28,0.02,165.82
824,337,14,1,890.85,0.014,878.64
825,337,39,2,178.17,0.087,162.7
826,338,18,3,26.71,0.026,26.03
827,338,4,1,70.31,0.045,67.13
828,338,37,2,167.47,0.045,159.98
829,339,38,3,174.54,0.02,171.02
830,339,16,2,27.96,0.05,26.57
831,339,10,4,223.96,0.019,219.8
832,339,22,2,174.61,0.06,164.13
833,340,34,3,65.68,0.033,63.51
834,340,9,2,136.34,0.078,125.69
835,340,36,3,54.61,0.045,52.13
836,340,32,2,137.07,0.027,133.34
837,341,7,3,114.44,0.016,112.67
838,341,15,4,766.77,0.035,740.15
839,341,22,2,192.63,0.023,188.16
840,342,2,4,177.8,0.048,169.32
841,342,5,2,72.07,0.052,68.33
842,342,22,3,171.43,0.039,164.71
843,343,39,2,163.45,0.019,160.37
844,343,10,1,210.82,0.03,204.58
845,343,28,2,616.37,0.069,573.95
846,344,11,1,193.34,0.051,183.45
847,344,1,2,146.34,0.06,137.62
848,344,24,1,194.95,0.051,185.02
849,344,5,4,76.28,0.026,74.29
850,345,17,5,26.55,0.035,25.63
851,345,8,5,116.61,0.062,109.37
852,345,21,2,72.28,0.071,67.16
853,346,12,3,249.73,0.033,241.55
854,346,31,3,120.21,0.091,109.27
855,346,9,3,139.31,0.051,132.16
856,347,34,1,68.02,0.072,63.14
857,347,31,2,125.26,0.105,112.15
858,348,25,1,45.42,0.13,39.5
859,349,34,1,64.55,0.033,62.44
860,350,31,4,120.15,0.012,118.74
861,350,34,2,62.52,0.094,56.62
862,350,12,3,254.27,0.022,248.6
863,351,6,5,101.32,0.09,92.2
864,351,15,5,788.59,0.096,713.06
865,352,26,1,36.27,0.064,33.95
866,352,23,2,170.69,0.065,159.66
867,352,25,1,47.18,0.079,43.46
868,353,23,3,177.28,0.068,165.28
869,354,27,6,33.36,0.124,29.22
870,354,33,2,125.96,0.014,124.2
871,354,2,4,181.19,0.046,172.77
872,354,13,1,844.75,0.027,821.77
873,355,39,3,167.0,0.031,161.76
874,355,5,2,69.91,0.071,64.92
875,356,37,3,177.99,0.011,175.98
876,357,12,1,255.13,0.073,236.63
877,357,18,1,25.86,0.008,25.66
878,358,6,1,94.93,0.035,91.57
879,358,3,1,141.84,0.055,134.03
880,358,23,2,182.66,0.049,173.78
881,358,36,2,55.73,0.023,54.43
882,359,36,5,55.27,0.091,50.25
883,359,26,1,37.42,0.072,34.74
884,359,11,1,190.35,0.066,177.83
885,359,18,2,24.73,0.005,24.61
886,360,25,1,39.08,0.028,37.99
887,360,1,1,170.79,0.059,160.76
888,361,39,2,187.98,0.017,184.75
889,361,37,2,179.39,0.058,168.97
890,361,2,3,170.35,0.128,148.57
891,362,19,3,83.52,0.04,80.19
892,362,37,1,177.29,0.029,172.11
893,363,10,3,219.51,0.046,209.33
894,364,30,2,688.04,0.05,653.67
895,364,21,1,69.82,0.085,63.92
896,364,36,1,63.77,0.018,62.65
897,364,25,1,40.43,0.009,40.07
898,365,12,2,254.45,0.053,241.0
899,365,20,1,81.5,0.121,71.62
900,365,5,3,78.17,0.093,70.88
901,366,36,1,60.32,0.044,57.64
902,366,33,1,121.58,0.007,120.75
903,366,17,1,28.29,0.082,25.96
904,366,10,2,235.61,0.025,229.6
905,367,28,1,586.8,0.044,561.19
906,367,16,1,30.45,0.008,30.19
907,368,8,2,121.48,0.009,120.4
908,368,34,1,61.37,0.032,59.43
909,368,10,3,212.85,0.054,201.46
910,369,18,1,23.37,0.041,22.42
911,369,8,1,130.7,0.056,123.33
912,369,32,1,126.23,0.037,121.52
913,370,30,1,680.53,0.081,625.51
914,370,25,2,43.13,0.033,41.72
915,371,22,3,168.0,0.049,159.73
916,372,11,1,197.71,0.116,174.75
917,373,21,1,69.71,0.071,64.79
918,374,9,2,145.7,0.072,135.2
919,374,14,4,982.99,0.032,951.24
920,374,1,2,145.19,0.023,141.82
921,375,37,1,183.73,0.058,173.08
922,375,35,2,56.96,0.035,54.94
923,376,33,1,107.05,0.078,98.65
924,376,21,3,77.55,0.038,74.59
925,376,29,4,787.16,0.01,779.45
926,376,8,1,107.24,0.024,104.68
927,377,13,2,840.04,0.006,834.6
928,377,37,1,180.95,0.054,171.23
929,377,24,2,194.02,0.034,187.51
930,378,13,2,908.25,0.072,842.7
931,378,7,3,100.97,0.024,98.55
932,378,6,1,96.78,0.016,95.24
933,379,34,2,65.04,0.08,59.82
934,379,26,1,36.13,0.13,31.43
935,380,6,3,82.97,0.046,79.19
936,380,16,1,27.35,0.053,25.91
937,380,31,4,120.48,0.06,113.23
938,381,15,2,745.55,0.023,728.18
939,382,39,1,147.35,0.038,141.8
940,382,21,2,69.57,0.084,63.71
941,382,12,4,251.11,0.022,245.62
942,382,31,4,117.22,0.05,111.31
943,383,27,1,33.0,0.043,31.59
944,383,12,1,242.46,0.034,234.17
945,384,38,4,186.08,0.065,174.07
946,384,39,1,165.33,0.085,151.32
947,384,29,3,776.41,0.114,687.99
948,385,13,4,956.99,0.066,894.13
949,385,14,2,900.03,0.019,883.2
950,385,32,4,123.98,0.079,114.19
951,386,3,2,136.48,0.067,127.4
952,387,31,4,118.32,0.061,111.13
953,387,9,1,137.0,0.015,135.0
954,388,3,1,149.17,0.014,147.01
955,388,7,3,99.39,0.025,96.9
956,388,13,3,869.05,0.058,818.75
957,389,14,4,866.48,0.029,841.42
958,389,4,2,72.81,0.016,71.64
959,389,33,1,111.97,0.087,102.27
960,389,16,1,29.2,0.076,26.97
961,390,31,2,125.53,0.025,122.35
962,391,23,4,172.8,0.025,168.52
963,391,21,4,74.31,0.037,71.59
964,391,22,1,171.97,0.026,167.47
965,391,26,2,36.73,0.054,34.76
966,392,20,2,78.92,0.045,75.38
967,392,6,6,94.28,0.043,90.26
968,393,23,1,198.57,0.083,182.12
969,393,10,4,221.08,0.076,204.3
970,394,15,4,685.23,0.042,656.16
971,394,12,1,260.41,0.058,245.43
972,394,30,3,696.83,0.053,660.05
973,394,27,2,31.75,0.029,30.83
974,395,8,1,119.51,0.009,118.38
975,395,31,4,110.98,0.048,105.66
976,395,35,3,56.22,0.08,51.7
977,395,11,1,198.24,0.037,190.98
978,396,10,2,230.64,0.029,224.02
979,396,7,2,105.99,0.07,98.53
980,396,36,1,57.94,0.057,54.66
981,396,35,3,54.03,0.052,51.24
982,397,30,1,688.61,0.037,663.45
983,398,12,1,252.62,0.093,229.12
984,399,17,1,25.05,0.054,23.7
985,399,30,1,685.33,0.06,644.03
986,399,31,3,119.78,0.014,118.08
987,399,8,1,131.19,0.067,122.36
988,400,8,1,113.85,0.011,112.65
989,400,29,2,793.09,0.009,785.88
990,401,31,1,114.98,0.093,104.24
991,402,34,2,66.67,0.134,57.74
992,403,36,3,55.8,0.08,51.34
993,404,11,1,210.08,0.146,179.33
994,404,1,1,158.36,0.031,153.49
995,404,38,4,155.83,0.125,136.4
996,404,21,1,84.34,0.023,82.4
997,405,14,1,885.68,0.059,833.23
998,406,10,2,249.26,0.056,235.2
999,406,20,3,87.5,0.046,83.51
1000,406,33,1,118.57,0.024,115.75
1001,406,18,1,24.52,0.012,24.23
1002,407,27,4,33.45,0.04,32.1
1003,407,14,1,901.7,0.006,896.44
1004,407,24,4,196.91,0.027,191.54
1005,408,28,2,591.04,0.068,550.88
1006,408,33,2,117.97,0.043,112.88
1007,408,27,4,34.21,0.004,34.08
1008,408,34,4,60.74,0.034,58.68
1009,409,18,2,24.96,0.008,24.77
1010,410,14,4,968.57,0.076,894.97
1011,411,11,1,197.58,0.031,191.55
1012,412,6,1,98.19,0.029,95.31
1013,413,7,1,105.67,0.039,101.58
1014,413,17,2,27.65,0.017,27.17
1015,413,5,2,76.04,0.021,74.46
1016,413,16,2,26.96,0.041,25.86
1017,414,12,3,222.79,0.072,206.71
1018,414,4,2,66.34,0.043,63.48
1019,415,2,2,176.42,0.056,166.53
1020,415,25,3,42.24,0.083,38.72
1021,415,4,1,74.94,0.072,69.51
1022,415,39,1,164.98,0.134,142.81
1023,416,30,1,738.32,0.044,705.93
1024,416,1,2,150.33,0.034,145.2
1025,417,21,1,73.18,0.052,69.39
1026,417,27,1,33.35,0.024,32.54
1027,417,33,6,122.62,0.02,120.17
1028,418,15,3,782.71,0.026,762.12
1029,418,23,1,181.17,0.049,172.26
1030,418,19,6,76.35,0.04,73.29
1031,419,9,2,150.34,0.087,137.33
1032,419,33,2,115.08,0.001,114.94
1033,419,13,5,903.91,0.055,854.26
1034,420,20,1,78.91,0.068,73.54
1035,420,31,1,121.53,0.053,115.06
1036,420,12,1,224.79,0.091,204.32
1037,421,24,1,177.72,0.017,174.66
1038,421,30,5,735.48,0.037,707.99
1039,422,24,5,178.1,0.054,168.43
1040,422,38,1,155.87,0.101,140.06
1041,422,30,1,637.27,0.075,589.51
1042,422,3,1,137.79,0.093,124.94
1043,423,4,2,74.79,0.016,73.58
1044,424,18,1,23.52,0.026,22.91
1045,424,5,1,76.65,0.021,75.06
1046,424,17,3,28.83,0.014,28.43
1047,424,38,4,172.45,0.078,159.0
1048,425,27,1,33.99,0.034,32.83
1049,426,26,1,40.13,0.132,34.82
1050,426,38,4,164.81,0.045,157.4
1051,426,28,1,605.12,0.046,577.48
1052,426,35,1,63.47,0.076,58.63
1053,427,34,3,66.63,0.028,64.75
1054,427,7,3,96.96,0.092,88.01
1055,427,25,4,40.93,0.037,39.41
1056,427,18,2,25.39,0.09,23.11
1057,428,20,1,81.1,0.071,75.38
1058,428,30,1,676.07,0.069,629.29
1059,429,8,1,116.06,0.037,111.79
1060,429,31,2,113.49,0.031,110.0
1061,429,11,3,216.23,0.037,208.34
1062,430,20,1,81.32,0.044,77.77
1063,431,31,1,121.63,0.015,119.82
1064,432,18,1,25.94,0.093,23.53
1065,432,10,5,229.61,0.036,221.29
1066,432,22,1,179.68,0.076,165.94
1067,433,12,1,260.59,0.047,248.37
1068,433,11,2,209.15,0.016,205.89
1069,434,29,1,786.02,0.019,770.82
1070,434,30,4,658.36,0.022,643.62
1071,434,9,3,148.69,0.082,136.47
1072,434,38,3,169.09,0.062,158.54
1073,435,13,3,895.02,0.03,868.31
1074,436,23,2,193.28,0.059,181.86
1075,436,27,1,34.75,0.027,33.82
1076,437,20,1,82.51,0.031,79.96
1077,438,7,3,103.68,0.018,101.84
1078,438,32,2,143.3,0.053,135.67
1079,438,29,3,828.58,0.077,764.48
1080,439,30,1,695.19,0.035,670.99
1081,440,34,4,65.43,0.024,63.85
1082,440,9,1,145.32,0.055,137.33
1083,440,8,3,126.76,0.01,125.54
1084,441,31,3,115.65,0.053,109.47
1085,441,21,1,73.64,0.025,71.8
1086,441,37,3,169.95,0.058,160.11
1087,442,16,2,29.98,0.102,26.94
1088,442,7,4,113.44,0.046,108.25
1089,442,32,1,128.55,0.068,119.82
1090,442,20,4,78.28,0.102,70.28
1091,443,36,1,55.23,0.007,54.82
1092,443,14,2,874.79,0.016,860.51
1093,444,2,1,176.72,0.05,167.95
1094,445,29,4,786.49,0.025,766.69
1095,445,34,1,64.93,0.023,63.44
1096,446,8,2,120.4,0.027,117.18
1097,446,20,1,82.93,0.165,69.28
1098,446,34,1,68.14,0.02,66.78
1099,447,20,5,79.92,0.078,73.68
1100,448,26,1,37.81,0.034,36.52
1101,448,24,2,200.56,0.014,197.81
1102,448,16,2,28.39,0.072,26.33
1103,448,21,1,75.67,0.027,73.62
1104,449,23,4,179.53,0.053,169.94
1105,449,9,4,126.47,0.007,125.54
1106,450,31,3,118.91,0.045,113.61
1107,450,3,1,139.89,0.062,131.23
1108,450,37,2,162.99,0.059,153.42
1109,450,16,2,25.66,0.07,23.85
1110,451,5,2,74.66,0.028,72.6
1111,451,25,1,40.7,0.048,38.74
1112,451,12,1,255.1,0.025,248.77
1113,452,16,2,31.13,0.081,28.6
1114,452,15,3,730.09,0.083,669.72
1115,452,27,4,31.78,0.112,28.21
1116,452,35,1,65.73,0.013,64.88
1117,453,24,1,184.22,0.03,178.77
1118,453,5,2,76.84,0.01,76.05
1119,454,1,1,167.42,0.013,165.22
1120,454,6,1,93.93,0.043,89.91
1121,454,34,1,62.01,0.05,58.93
1122,454,28,1,607.72,0.036,585.61
1123,455,21,2,74.39,0.069,69.26
1124,455,10,5,225.81,0.114,200.18
1125,455,4,2,69.19,0.019,67.86
1126,455,28,4,630.49,0.037,607.46
1127,456,9,1,129.43,0.055,122.32
1128,456,10,1,217.39,0.134,188.22
1129,456,37,3,170.51,0.049,162.1
1130,457,27,1,29.55,0.019,28.98
1131,457,31,1,116.15,0.028,112.85
1132,457,36,8,57.15,0.145,48.85
1133,458,20,2,84.12,0.01,83.29
1134,458,38,5,179.2,0.06,168.52
1135,458,9,1,137.48,0.032,133.09
1136,459,6,1,96.0,0.035,92.63
1137,459,19,4,76.89,0.089,70.07
1138,460,30,3,652.14,0.022,638.08
1139,460,1,5,157.11,0.028,152.7
1140,460,33,2,114.45,0.07,106.47
1141,461,28,2,617.77,0.04,592.78
1142,462,30,1,603.4,0.038,580.34
1143,462,35,1,56.17,0.11,49.97
1144,462,23,3,197.39,0.013,194.84
1145,463,32,1,117.16,0.068,109.24
1146,463,5,1,78.4,0.067,73.15
1147,464,36,4,53.72,0.044,51.36
1148,464,7,3,97.59,0.024,95.23
1149,465,34,2,63.06,0.009,62.47
1150,465,19,1,80.4,0.061,75.5
1151,466,26,1,39.1,0.109,34.85
1152,466,30,1,677.5,0.1,609.85
1153,467,14,1,956.13,0.064,894.68
1154,467,3,1,131.99,0.085,120.82
1155,467,26,2,38.68,0.045,36.92
1156,467,7,2,103.53,0.072,96.04
1157,468,21,1,78.13,0.019,76.65
1158,468,10,1,219.79,0.029,213.45
1159,469,31,4,112.82,0.029,109.59
1160,469,10,3,239.9,0.031,232.5
1161,469,21,1,74.42,0.039,71.5
1162,470,9,1,141.9,0.026,138.19
1163,471,16,1,27.26,0.027,26.53
1164,471,10,1,230.93,0.104,206.89
1165,472,31,2,120.63,0.029,117.18
1166,472,24,2,196.01,0.008,194.51
1167,473,10,1,238.01,0.073,220.54
1168,473,13,1,879.19,0.048,837.15
1169,474,9,2,140.11,0.052,132.86
1170,474,8,3,120.9,0.031,117.2
1171,474,39,1,160.74,0.039,154.43
1172,474,20,2,81.4,0.043,77.87
1173,475,2,1,171.41,0.038,164.81
1174,475,34,2,65.81,0.018,64.6
1175,475,1,1,142.95,0.03,138.62
1176,476,23,1,191.75,0.045,183.12
1177,476,35,1,61.21,0.026,59.62
1178,477,37,2,173.3,0.077,159.93
1179,477,2,1,165.32,0.04,158.73
1180,477,32,3,128.21,0.013,126.58
1181,478,8,2,114.73,0.047,109.29
1182,478,4,2,74.26,0.103,66.58
1183,478,6,1,95.2,0.038,91.63
1184,479,10,1,234.48,0.036,226.09
1185,480,8,2,113.93,0.068,106.23
1186,480,6,1,99.51,0.035,96.04
1187,480,14,2,889.74,0.042,852.47
1188,481,12,4,245.12,0.026,238.63
1189,481,32,1,136.55,0.03,132.48
1190,481,4,2,64.01,0.016,62.96
1191,482,30,1,661.83,0.027,644.24
1192,482,12,2,244.29,0.03,236.84
1193,483,2,2,171.99,0.033,166.3
1194,483,37,1,185.74,0.01,183.82
1195,483,8,3,121.51,0.061,114.04
1196,484,12,2,248.75,0.018,244.36
1197,484,2,1,175.48,0.068,163.54
1198,484,30,3,684.02,0.011,676.5
1199,485,25,1,41.15,0.094,37.3
1200,485,11,3,213.92,0.072,198.62
1201,486,15,1,692.08,0.013,682.87
1202,486,33,3,112.82,0.092,102.42
1203,487,3,1,135.72,0.08,124.91
1204,487,16,2,30.59,0.094,27.71
1205,487,35,1,62.3,0.062,58.44
1206,487,15,2,689.12,0.007,684.0
1207,488,31,2,123.21,0.018,121.05
1208,489,16,1,27.79,0.078,25.61
1209,489,35,1,59.31,0.05,56.34
1210,489,7,1,100.32,0.026,97.71
1211,489,20,2,82.74,0.082,75.94
1212,490,33,1,123.44,0.038,118.76
1213,490,39,3,156.02,0.025,152.09
1214,490,1,2,148.06,0.062,138.87
1215,490,3,2,130.06,0.103,116.68
1216,491,4,1,67.14,0.069,62.49
1217,491,36,2,54.84,0.071,50.92
1218,491,6,3,94.44,0.01,93.47
1219,491,14,2,885.01,0.073,820.56
1220,492,2,3,178.15,0.046,169.99
1221,492,17,3,27.41,0.045,26.17
1222,492,33,2,127.74,0.068,119.04
1223,492,5,3,78.68,0.035,75.9
1224,493,16,5,28.99,0.032,28.07
1225,493,26,3,38.62,0.014,38.08
1226,493,31,1,116.57,0.043,111.53
1227,493,3,1,145.56,0.049,138.44
1228,494,12,3,249.44,0.064,233.41
1229,495,8,1,119.29,0.026,116.2
1230,495,25,1,43.46,0.005,43.23
1231,495,19,1,74.45,0.057,70.2
1232,495,3,2,130.81,0.044,125.03
1233,496,36,3,60.31,0.035,58.19
1234,496,3,3,142.96,0.125,125.16
1235,496,8,1,119.11,0.057,112.3
1236,497,6,1,103.49,0.076,95.62
1237,497,10,2,214.5,0.02,210.2
1238,498,17,1,24.13,0.048,22.96
1239,498,26,4,39.97,0.068,37.24
1240,498,25,2,44.39,0.028,43.13
1241,498,1,1,150.05,0.074,138.91
1242,499,17,1,27.76,0.061,26.06
1243,500,16,4,26.6,0.033,25.72
1244,501,12,3,234.1,0.023,228.65
1245,501,30,4,695.83,0.162,582.93
1246,501,8,2,114.08,0.081,104.88
1247,502,22,2,172.69,0.031,167.29
1248,502,7,1,96.04,0.034,92.78
1249,503,5,1,76.62,0.085,70.13
1250,503,32,1,128.46,0.029,124.78
1251,503,8,1,113.07,0.072,104.93
1252,503,12,4,248.61,0.069,231.42
1253,504,19,5,80.86,0.039,77.69
1254,505,24,3,204.8,0.046,195.48
1255,505,39,1,166.69,0.036,160.72
1256,505,28,3,614.48,0.047,585.78
1257,505,22,1,186.6,0.111,165.94
1258,506,39,2,162.17,0.052,153.8
1259,506,30,1,655.72,0.031,635.45
1260,506,8,1,126.33,0.057,119.14
1261,506,7,1,101.02,0.068,94.12
1262,507,36,2,55.23,0.144,47.28
1263,508,36,3,60.45,0.046,57.7
1264,509,11,1,218.43,0.031,211.58
1265,509,18,3,23.81,0.057,22.45
1266,509,1,4,151.4,0.087,138.24
1267,510,22,2,169.31,0.069,157.63
1268,511,22,1,184.36,0.07,171.4
1269,511,26,1,37.99,0.043,36.36
1270,512,16,1,27.59,0.037,26.58
1271,512,26,1,37.32,0.034,36.05
1272,512,25,3,42.16,0.056,39.82
1273,513,37,1,178.34,0.089,162.48
1274,514,32,2,133.36,0.024,130.12
1275,514,4,4,61.44,0.068,57.28
1276,514,25,1,39.89,0.039,38.35
1277,515,35,4,57.24,0.111,50.91
1278,516,5,2,79.57,0.01,78.78
1279,516,23,2,191.24,0.009,189.55
1280,516,1,2,158.82,0.01,157.17
1281,517,17,5,25.66,0.037,24.72
1282,518,10,3,243.98,0.069,227.12
1283,518,25,3,45.62,0.067,42.59
1284,519,39,1,157.44,0.022,153.99
1285,519,25,2,42.53,0.047,40.51
1286,519,24,1,187.15,0.021,183.24
1287,519,10,2,240.05,0.011,237.46
1288,520,8,5,113.88,0.015,112.15
1289,520,33,5,115.29,0.037,110.97
1290,521,24,3,184.94,0.053,175.15
1291,522,33,1,108.37,0.02,106.23
1292,522,9,3,136.47,0.018,133.99
1293,523,3,2,145.39,0.023,142.06
1294,523,30,1,657.92,0.096,594.52
1295,524,39,2,161.21,0.066,150.56
1296,524,25,1,41.91,0.008,41.59
1297,524,24,1,195.27,0.059,183.74
1298,525,26,2,35.86,0.034,34.64
1299,525,39,7,166.1,0.07,154.4
1300,525,27,3,31.42,0.06,29.53
1301,526,9,3,141.7,0.152,120.14
1302,526,17,1,25.71,0.083,23.57
1303,526,14,1,921.78,0.03,894.3
1304,526,30,2,661.78,0.054,625.72
1305,527,7,3,105.89,0.026,103.13
1306,527,29,1,793.93,0.047,756.84
1307,527,2,1,175.36,0.047,167.2
1308,527,23,1,179.68,0.002,179.31
1309,528,17,2,25.09,0.084,22.97
1310,528,2,1,180.02,0.08,165.57
1311,528,21,2,83.33,0.023,81.38
1312,529,3,2,143.54,0.01,142.09
1313,529,29,1,784.65,0.016,772.41
1314,530,3,2,140.2,0.06,131.75
1315,530,9,1,142.2,0.056,134.2
1316,531,6,2,93.41,0.11,83.16
1317,531,24,2,202.16,0.047,192.56
1318,532,2,5,176.02,0.005,175.08
1319,532,33,4,116.88,0.013,115.35
1320,532,25,2,43.93,0.029,42.64
1321,533,10,2,222.8,0.101,200.35
1322,533,31,2,125.08,0.166,104.29
1323,533,17,1,24.86,0.056,23.46
1324,534,16,1,29.26,0.015,28.83
1325,534,19,6,73.98,0.044,70.73
1326,534,1,3,149.06,0.059,140.34
1327,534,36,1,60.79,0.005,60.51
1328,535,24,3,194.97,0.021,190.94
1329,535,35,1,56.17,0.058,52.92
1330,536,28,1,629.97,0.057,593.95
1331,536,2,1,182.56,0.065,170.65
1332,536,14,3,936.62,0.091,851.81
1333,536,30,3,639.35,0.047,609.08
1334,537,27,1,29.27,0.096,26.46
1335,537,2,1,185.2,0.066,173.05
1336,537,18,3,26.0,0.04,24.96
1337,538,37,2,176.08,0.056,166.14
1338,539,1,2,157.61,0.063,147.76
1339,539,30,1,671.97,0.059,632.34
1340,539,5,1,74.04,0.077,68.34
1341,540,6,1,97.5,0.012,96.32
1342,540,26,1,36.36,0.005,36.19
1343,540,38,2,156.07,0.002,155.73
1344,541,30,3,629.5,0.04,604.63
1345,542,33,1,129.44,0.017,127.23
1346,543,32,1,115.77,0.045,110.59
1347,543,33,1,129.96,0.072,120.62
1348,543,23,5,175.95,0.126,153.84
1349,543,1,1,145.41,0.058,136.95
1350,544,9,2,143.99,0.065,134.58
1351,544,30,2,731.28,0.019,717.68
1352,544,32,1,133.48,0.015,131.47
1353,544,3,3,141.72,0.015,139.59
1354,545,9,1,130.42,0.019,127.88
1355,546,29,5,816.74,0.024,797.39
1356,547,37,2,165.29,0.108,147.38
1357,547,15,4,738.75,0.038,710.81
1358,547,24,1,198.06,0.005,197.15
1359,547,27,3,34.92,0.038,33.59
1360,548,6,2,93.97,0.022,91.86
1361,548,3,1,143.76,0.054,136.05
1362,548,17,1,24.7,0.034,23.85
1363,548,1,1,159.64,0.039,153.35
1364,549,38,2,162.78,0.02,159.54
1365,549,10,4,228.96,0.075,211.81
1366,550,16,4,23.77,0.137,20.52
1367,550,1,1,154.19,0.045,147.31
1368,550,11,1,203.69,0.043,194.84
1369,550,3,5,136.15,0.048,129.66
